{
  "Author": "That one kid",
  "Compatibility": "Compatible",
  "DefuserDifficulty": "Easy",
  "Description": "Take a piece of html code and extract values from other modules Tags: blank, nothing, text, html",
  "ExpertDifficulty": "Hard",
  "ModuleID": "templatemodule",
  "Name": "Module Name",
  "Origin": "Mods",
  "Published": "2023-11-12",
  "SortKey": "MODULENAME",
  "SourceUrl": "https://github.com/Kbushra/KTaNE-Module-Name",
  "SteamID": "3080862627",
  "Symbol": "Mna",
  "Type": "Regular"
}